{
  "generatedAt": "2025-12-25T05:17:10.085Z",
  "totalRaces": 2925,
  "basicStats": [
    {
      "range": "低荒れ度 (0-33)",
      "volatilityRange": "0-33",
      "totalRaces": 171,
      "avgVolatility": 22.485380116959064,
      "models": {
        "standard": {
          "totalRaces": 171,
          "win": {
            "hits": 102,
            "hitRate": 0.5964912280701754,
            "totalInvestment": 17100,
            "totalPayout": 17160,
            "recoveryRate": 1.0035087719298246
          },
          "place": {
            "hits": 132,
            "hitRate": 0.7719298245614035,
            "totalInvestment": 17100,
            "totalPayout": 15200,
            "recoveryRate": 0.8888888888888888
          },
          "trifecta": {
            "hits": 31,
            "hitRate": 0.18128654970760233,
            "totalInvestment": 17100,
            "totalPayout": 15860,
            "recoveryRate": 0.927485380116959
          },
          "trio": {
            "hits": 13,
            "hitRate": 0.07602339181286549,
            "totalInvestment": 17100,
            "totalPayout": 50660,
            "recoveryRate": 2.962573099415205
          }
        },
        "safeBet": {
          "totalRaces": 171,
          "win": {
            "hits": 75,
            "hitRate": 0.43859649122807015,
            "totalInvestment": 17100,
            "totalPayout": 15720,
            "recoveryRate": 0.9192982456140351
          },
          "place": {
            "hits": 108,
            "hitRate": 0.631578947368421,
            "totalInvestment": 17100,
            "totalPayout": 14600,
            "recoveryRate": 0.8538011695906432
          },
          "trifecta": {
            "hits": 28,
            "hitRate": 0.16374269005847952,
            "totalInvestment": 17100,
            "totalPayout": 14190,
            "recoveryRate": 0.8298245614035088
          },
          "trio": {
            "hits": 6,
            "hitRate": 0.03508771929824561,
            "totalInvestment": 17100,
            "totalPayout": 12080,
            "recoveryRate": 0.7064327485380117
          }
        },
        "upsetFocus": {
          "totalRaces": 171,
          "win": {
            "hits": 46,
            "hitRate": 0.26900584795321636,
            "totalInvestment": 17100,
            "totalPayout": 15190,
            "recoveryRate": 0.8883040935672515
          },
          "place": {
            "hits": 82,
            "hitRate": 0.47953216374269003,
            "totalInvestment": 17100,
            "totalPayout": 14670,
            "recoveryRate": 0.8578947368421053
          },
          "trifecta": {
            "hits": 19,
            "hitRate": 0.1111111111111111,
            "totalInvestment": 17100,
            "totalPayout": 17360,
            "recoveryRate": 1.015204678362573
          },
          "trio": {
            "hits": 5,
            "hitRate": 0.029239766081871343,
            "totalInvestment": 17100,
            "totalPayout": 70860,
            "recoveryRate": 4.143859649122807
          }
        }
      }
    },
    {
      "range": "中荒れ度 (34-66)",
      "volatilityRange": "34-66",
      "totalRaces": 453,
      "avgVolatility": 51.2560706401766,
      "models": {
        "standard": {
          "totalRaces": 453,
          "win": {
            "hits": 173,
            "hitRate": 0.3818984547461369,
            "totalInvestment": 45300,
            "totalPayout": 40720,
            "recoveryRate": 0.8988962472406181
          },
          "place": {
            "hits": 261,
            "hitRate": 0.5761589403973509,
            "totalInvestment": 45300,
            "totalPayout": 40220,
            "recoveryRate": 0.8878587196467991
          },
          "trifecta": {
            "hits": 79,
            "hitRate": 0.17439293598233996,
            "totalInvestment": 45300,
            "totalPayout": 28980,
            "recoveryRate": 0.6397350993377483
          },
          "trio": {
            "hits": 22,
            "hitRate": 0.04856512141280353,
            "totalInvestment": 45300,
            "totalPayout": 25120,
            "recoveryRate": 0.5545253863134658
          }
        },
        "safeBet": {
          "totalRaces": 453,
          "win": {
            "hits": 151,
            "hitRate": 0.3333333333333333,
            "totalInvestment": 45300,
            "totalPayout": 38580,
            "recoveryRate": 0.8516556291390729
          },
          "place": {
            "hits": 251,
            "hitRate": 0.5540838852097131,
            "totalInvestment": 45300,
            "totalPayout": 41280,
            "recoveryRate": 0.9112582781456954
          },
          "trifecta": {
            "hits": 69,
            "hitRate": 0.152317880794702,
            "totalInvestment": 45300,
            "totalPayout": 35550,
            "recoveryRate": 0.7847682119205298
          },
          "trio": {
            "hits": 15,
            "hitRate": 0.033112582781456956,
            "totalInvestment": 45300,
            "totalPayout": 24460,
            "recoveryRate": 0.5399558498896248
          }
        },
        "upsetFocus": {
          "totalRaces": 453,
          "win": {
            "hits": 109,
            "hitRate": 0.24061810154525387,
            "totalInvestment": 45300,
            "totalPayout": 48340,
            "recoveryRate": 1.0671081677704195
          },
          "place": {
            "hits": 203,
            "hitRate": 0.4481236203090508,
            "totalInvestment": 45300,
            "totalPayout": 42600,
            "recoveryRate": 0.9403973509933775
          },
          "trifecta": {
            "hits": 44,
            "hitRate": 0.09713024282560706,
            "totalInvestment": 45300,
            "totalPayout": 42590,
            "recoveryRate": 0.9401766004415011
          },
          "trio": {
            "hits": 11,
            "hitRate": 0.024282560706401765,
            "totalInvestment": 45300,
            "totalPayout": 67900,
            "recoveryRate": 1.4988962472406182
          }
        }
      }
    },
    {
      "range": "高荒れ度 (67-100)",
      "volatilityRange": "67-100",
      "totalRaces": 273,
      "avgVolatility": 75.32234432234432,
      "models": {
        "standard": {
          "totalRaces": 273,
          "win": {
            "hits": 85,
            "hitRate": 0.31135531135531136,
            "totalInvestment": 27300,
            "totalPayout": 21890,
            "recoveryRate": 0.8018315018315019
          },
          "place": {
            "hits": 143,
            "hitRate": 0.5238095238095238,
            "totalInvestment": 27300,
            "totalPayout": 26770,
            "recoveryRate": 0.9805860805860805
          },
          "trifecta": {
            "hits": 42,
            "hitRate": 0.15384615384615385,
            "totalInvestment": 27300,
            "totalPayout": 21360,
            "recoveryRate": 0.7824175824175824
          },
          "trio": {
            "hits": 8,
            "hitRate": 0.029304029304029304,
            "totalInvestment": 27300,
            "totalPayout": 10890,
            "recoveryRate": 0.3989010989010989
          }
        },
        "safeBet": {
          "totalRaces": 273,
          "win": {
            "hits": 76,
            "hitRate": 0.2783882783882784,
            "totalInvestment": 27300,
            "totalPayout": 22330,
            "recoveryRate": 0.8179487179487179
          },
          "place": {
            "hits": 135,
            "hitRate": 0.4945054945054945,
            "totalInvestment": 27300,
            "totalPayout": 29210,
            "recoveryRate": 1.06996336996337
          },
          "trifecta": {
            "hits": 29,
            "hitRate": 0.10622710622710622,
            "totalInvestment": 27300,
            "totalPayout": 16070,
            "recoveryRate": 0.5886446886446887
          },
          "trio": {
            "hits": 4,
            "hitRate": 0.014652014652014652,