{
  "evaluated_at": "2026-07-07T23:45:40.468Z",
  "range": {
    "from": null,
    "to": null
  },
  "folds": [
    {
      "testMonth": "2026-06",
      "nTrain": 1437,
      "nTest": 1656,
      "alpha": 0.7668693190337291,
      "beta": 0.3180741225537069,
      "fund": {
        "n": 1656,
        "logLoss": 1.2903429181561625,
        "accuracy": 0.5320048309178744,
        "mcFaddenR2": 0.27984590548189936
      },
      "odds": {
        "n": 1656,
        "logLoss": 1.3580002590429772,
        "accuracy": 0.5084541062801933,
        "mcFaddenR2": 0.24208562456876792
      },
      "combined": {
        "n": 1656,
        "logLoss": 1.2692897638810616,
        "accuracy": 0.5422705314009661,
        "mcFaddenR2": 0.29159589460525603
      },
      "deltaR2": 0.04951027003648811
    },
    {
      "testMonth": "2026-07",
      "nTrain": 3336,
      "nTest": 375,
      "alpha": 0.7524274434815102,
      "beta": 0.3678038587493781,
      "fund": {
        "n": 375,
        "logLoss": 1.314801912836965,
        "accuracy": 0.5066666666666667,
        "mcFaddenR2": 0.266195080635783
      },
      "odds": {
        "n": 375,
        "logLoss": 1.404908739727089,
        "accuracy": 0.496,
        "mcFaddenR2": 0.21590550302359124
      },
      "combined": {
        "n": 375,
        "logLoss": 1.3020405419888392,
        "accuracy": 0.5306666666666666,
        "mcFaddenR2": 0.27331733731548336
      },
      "deltaR2": 0.057411834291892117
    }
  ],
  "roi": {
    "1": {
      "bets": 1483,
      "hits": 282,
      "invested": 148300,
      "returned": 96460
    },
    "1.1": {
      "bets": 1222,
      "hits": 217,
      "invested": 122200,
      "returned": 84610
    },
    "1.2": {
      "bets": 1016,
      "hits": 176,
      "invested": 101600,
      "returned": 72460
    },
    "1.3": {
      "bets": 831,
      "hits": 136,
      "invested": 83100,
      "returned": 58650
    }
  },
  "feature_names": [
    "lane1",
    "lane2",
    "lane3",
    "lane4",
    "lane5",
    "winRateDev",
    "localWinRateDev",
    "motor2Dev",
    "boat2Dev",
    "gradeDev",
    "exTimeAdv",
    "stAdv"
  ],
  "last_weights": [
    2.7173632676070985,
    1.4468990366850523,
    1.4243043700045155,
    1.0958712407748994,
    0.8371687835313365,
    0.4575840061060238,
    0.009059768006952221,
    0.07671290905694488,
    0.03206403131031787,
    0.18322251124347705,
    0.46074165612718126,
    0.04794169908021698
  ],
  "last_combiner": [
    0.7524274434815102,
    0.3678038587493781
  ]
}