{
  "evaluated_at": "2026-07-08T00:26:49.005Z",
  "range": {
    "from": null,
    "to": null
  },
  "folds": [
    {
      "testMonth": "2026-05",
      "nTrain": 22330,
      "nTest": 1899,
      "alpha": 0.6656137426922792,
      "beta": 0.35554268069114137,
      "fund": {
        "n": 1899,
        "logLoss": 1.3067542513028547,
        "accuracy": 0.5192206424433913,
        "mcFaddenR2": 0.2706865660568577
      },
      "odds": {
        "n": 1899,
        "logLoss": 1.4124017270993203,
        "accuracy": 0.47972617166929965,
        "mcFaddenR2": 0.2117235871465346
      },
      "combined": {
        "n": 1899,
        "logLoss": 1.294764796785742,
        "accuracy": 0.517114270668773,
        "mcFaddenR2": 0.27737800802941115
      },
      "deltaR2": 0.06565442088287654
    },
    {
      "testMonth": "2026-06",
      "nTrain": 26858,
      "nTest": 1656,
      "alpha": 0.7125859726767133,
      "beta": 0.31128522107505674,
      "fund": {
        "n": 1656,
        "logLoss": 1.2807718517029156,
        "accuracy": 0.5301932367149759,
        "mcFaddenR2": 0.28518761937688464
      },
      "odds": {
        "n": 1656,
        "logLoss": 1.3580002590429772,
        "accuracy": 0.5084541062801933,
        "mcFaddenR2": 0.24208562456876792
      },
      "combined": {
        "n": 1656,
        "logLoss": 1.26467145112699,
        "accuracy": 0.5416666666666666,
        "mcFaddenR2": 0.29417342403004043
      },
      "deltaR2": 0.05208779946127251
    },
    {
      "testMonth": "2026-07",
      "nTrain": 31093,
      "nTest": 376,
      "alpha": 0.7189163365091458,
      "beta": 0.32158361535918184,
      "fund": {
        "n": 376,
        "logLoss": 1.3086007077909794,
        "accuracy": 0.5106382978723404,
        "mcFaddenR2": 0.26965603906937086
      },
      "odds": {
        "n": 376,
        "logLoss": 1.4024309288021175,
        "accuracy": 0.4973404255319149,
        "mcFaddenR2": 0.21728839563140256
      },
      "combined": {
        "n": 376,
        "logLoss": 1.2953348414666168,
        "accuracy": 0.5345744680851063,
        "mcFaddenR2": 0.27705986003540595
      },
      "deltaR2": 0.05977146440400338
    }
  ],
  "roi": {
    "1": {
      "bets": 2791,
      "hits": 563,
      "invested": 279100,
      "returned": 198400
    },
    "1.1": {
      "bets": 2335,
      "hits": 442,
      "invested": 233500,
      "returned": 161130
    },
    "1.2": {
      "bets": 1941,
      "hits": 348,
      "invested": 194100,
      "returned": 133090
    },
    "1.3": {
      "bets": 1582,
      "hits": 264,
      "invested": 158200,
      "returned": 103940
    }
  },
  "feature_names": [
    "lane1",
    "lane2",
    "lane3",
    "lane4",
    "lane5",
    "winRateDev",
    "localWinRateDev",
    "motor2Dev",
    "boat2Dev",
    "gradeDev",
    "exTimeAdv",
    "stAdv",
    "venueIn1Adv"
  ],
  "last_weights": [
    2.8235174241221834,
    1.4478352756826094,
    1.3770839102592454,
    1.1805740359819925,
    0.6887625017171629,
    0.5076320702127092,
    0.03136264872175897,
    0.12334690317841644,
    0.01373558849611401,
    0.14825772100220738,
    0.45223267445941917,
    0.07410593224416848,
    4.339041404486392
  ],
  "last_combiner": [
    0.7189163365091458,
    0.32158361535918184
  ]
}