{
  "generatedAt": "2026-01-07T05:05:57.505Z",
  "totalRaces": 5418,
  "singleFactorAnalysis": {
    "lane": {
      "1": {
        "total": 5418,
        "winRate": 0.5490956072351422,
        "placeRate": 0.7148394241417497,
        "top3Rate": 0.805094130675526,
        "winCI": {
          "lower": 0.5358460065782477,
          "upper": 0.5623452078920367,
          "margin": 0.0132496006568945
        },
        "placeCI": {
          "lower": 0.7028171795148436,
          "upper": 0.7268616687686559,
          "margin": 0.012022244626906198
        }
      },
      "2": {
        "total": 5418,
        "winRate": 0.13252122554448137,
        "placeRate": 0.37652270210409744,
        "top3Rate": 0.5655223329641934,
        "winCI": {
          "lower": 0.12349286859129587,
          "upper": 0.14154958249766686,
          "margin": 0.009028356953185502
        },
        "placeCI": {
          "lower": 0.36362113467187696,
          "upper": 0.3894242695363179,
          "margin": 0.012901567432220486
        }
      },
      "3": {
        "total": 5418,
        "winRate": 0.12384643779992617,
        "placeRate": 0.34865263935031376,
        "top3Rate": 0.5457733480989295,
        "winCI": {
          "lower": 0.1150750472971104,
          "upper": 0.13261782830274194,
          "margin": 0.00877139050281577
        },
        "placeCI": {
          "lower": 0.33596328928857805,
          "upper": 0.3613419894120495,
          "margin": 0.012689350061735698
        }
      },
      "4": {
        "total": 5418,
        "winRate": 0.10280546327057954,
        "placeRate": 0.26411960132890366,
        "top3Rate": 0.4629014396456257,
        "winCI": {
          "lower": 0.09471845330229713,
          "upper": 0.11089247323886196,
          "margin": 0.008087009968282422
        },
        "placeCI": {
          "lower": 0.25238034717880375,
          "upper": 0.2758588554790036,
          "margin": 0.011739254150099881
        }
      },
      "5": {
        "total": 5418,
        "winRate": 0.061461794019933555,
        "placeRate": 0.18844592100406055,
        "top3Rate": 0.3578811369509044,
        "winCI": {
          "lower": 0.05506643152534281,
          "upper": 0.0678571565145243,
          "margin": 0.006395362494590746
        },
        "placeCI": {
          "lower": 0.17803261395783815,
          "upper": 0.19885922805028294,
          "margin": 0.01041330704622239
        }
      },
      "6": {
        "total": 5418,
        "winRate": 0.030269472129937247,
        "placeRate": 0.10741971207087486,
        "top3Rate": 0.262827611664821,
        "winCI": {
          "lower": 0.02570737498827696,
          "upper": 0.034831569271597536,
          "margin": 0.004562097141660289
        },
        "placeCI": {
          "lower": 0.09917449281709695,
          "upper": 0.11566493132465278,
          "margin": 0.00824521925377792
        }
      }
    },
    "grade": {
      "A1": {
        "total": 7465,
        "winRate": 0.27742799732083057,
        "ci": {
          "lower": 0.26727119795154386,
          "upper": 0.2875847966901173,
          "margin": 0.010156799369286693
        }
      },
      "A2": {
        "total": 7741,
        "winRate": 0.20591654824958017,
        "ci": {
          "lower": 0.19690838526502183,
          "upper": 0.2149247112341385,
          "margin": 0.009008162984558326
        }
      },
      "B1": {
        "total": 14981,
        "winRate": 0.10940524664575128,
        "ci": {
          "lower": 0.10440668778791712,
          "upper": 0.11440380550358545,
          "margin": 0.004998558857834165
        }
      },
      "B2": {
        "total": 2321,
        "winRate": 0.04911676001723395,
        "ci": {
          "lower": 0.04032457227932648,
          "upper": 0.057908947755141424,
          "margin": 0.00879218773790747
        }
      }
    },
    "age": {},
    "globalWinRate": {},
    "motor2Rate": {
      "0-30%": {
        "total": 11064,
        "winRate": 0.15898409255242227,
        "ci": {
          "lower": 0.1521704565474258,
          "upper": 0.16579772855741873,
          "margin": 0.006813636004996467
        }
      },
      "30-35%": {
        "total": 7934,
        "winRate": 0.16007058230400806,
        "ci": {
          "lower": 0.1520021876709626,
          "upper": 0.1681389769370535,
          "margin": 0.008068394633045456
        }
      },
      "35-40%": {
        "total": 6898,
        "winRate": 0.17019425920556683,
        "ci": {
          "lower": 0.16132565757332187,
          "upper": 0.17906286083781178,
          "margin": 0.008868601632244963
        }
      },
      "40-45%": {
        "total": 3522,
        "winRate": 0.17717206132879046,
        "ci": {
          "lower": 0.16456210654453096,
          "upper": 0.18978201611304996,
          "margin": 0.012609954784259494
        }
      },
      "45%以上": {
        "total": 3090,
        "winRate": 0.1912621359223301,
        "ci": {
          "lower": 0.1773947302409765,
          "upper": 0.2051295416036837,
          "margin": 0.013867405681353617
        }
      }
    },
    "boat2Rate": {},
    "localAdvantage": {}
  },
  "compositeFactorAnalysis": {
    "A1級×1号艇": {
      "total": 1688,
      "winRate": 0.6984597156398105,
      "ci": {
        "lower": 0.6765663161543878,
        "upper": 0.7203531151252331,
        "margin": 0.021893399485422738
      }
    },
    "好モーター(40%+)×1号艇": {
      "total": 1094,
      "winRate": 0.5914076782449725,
      "ci": {
        "lower": 0.5622779796999494,
        "upper": 0.6205373767899957,
        "margin": 0.029129698545023088
      }
    },
    "A1級×好モーター": {
      "total": 1585,
      "winRate": 0.2902208201892745,
      "ci": {
        "lower": 0.26787648958108445,
        "upper": 0.3125651507974645,
        "margin": 0.022344330608190036
      }
    },
    "外枠(4-6)×超好モーター(45%+)": {
      "total": 1546,
      "winRate": 0.08796895213454076,
      "ci": {
        "lower": 0.07384940240014666,
        "upper": 0.10208850186893485,
        "margin": 0.014119549734394093
      }
    }
  },
  "recoveryByConditions": {
    "byVenue": {
      "1": {
        "venueName": "桐生",
        "totalRaces": 192,
        "recoveryRate": 0.528125,
        "hitRate": 0.046875,
        "avgPayout": 11.266666666666667,
        "ci": {
          "lower": 0.01697638795941984,
          "upper": 0.07677361204058016,
          "margin": 0.02989861204058016
        },
        "recoveryCI": {
          "lower": 0.1912673043427969,
          "upper": 0.8649826956572031
        }
      },
      "2": {
        "venueName": "戸田",
        "totalRaces": 276,
        "recoveryRate": 0.29528985507246375,
        "hitRate": 0.03260869565217391,
        "avgPayout": 9.055555555555555,
        "ci": {
          "lower": 0.01165458014112222,
          "upper": 0.0535628111632256,
          "margin": 0.020954115511051693
        },
        "recoveryCI": {
          "lower": 0.10553869794460675,
          "upper": 0.4850410122003207
        }
      },
      "3": {
        "venueName": "江戸川",
        "totalRaces": 240,
        "recoveryRate": 0.61625,
        "hitRate": 0.041666666666666664,
        "avgPayout": 14.79,
        "ci": {
          "lower": 0.01638514984918531,
          "upper": 0.06694818348414802,
          "margin": 0.025281516817481354
        },
        "recoveryCI": {
          "lower": 0.24233636626945074,
          "upper": 0.9901636337305492
        }
      },
      "4": {
        "venueName": "平和島",
        "totalRaces": 104,
        "recoveryRate": 0.8490384615384615,
        "hitRate": 0.04807692307692308,
        "avgPayout": 17.66,
        "ci": {
          "lower": 0.006961130932325615,
          "upper": 0.08919271522152054,
          "margin": 0.041115792144597464
        },
        "recoveryCI": {
          "lower": 0.12293357226487037,
          "upper": 1.575143350812053
        }
      },
      "5": {
        "venueName": "多摩川",
        "totalRaces": 240,